<?xml version = "1.0" encoding = "utf-8" ?>

<component name = "SearchItem" extends = "Group" initialFocus="itemPoster">
 
  <interface> 
    <field id = "itemContent" type = "node" alwaysnotify="true" onChange = "showcontent"/>
    <field id = "focusPercent" type = "float" onChange = "showfocus"/> 
  </interface>
 
  <script type = "text/brightscript" uri="pkg:/components/ItemComponents/MovieItem.brs"/>

  <children >

    <Poster 
      id = "itemPoster" 
      width = "200" 
      height = "200"
      loadingBitmapUri = "pkg:/images/backgrounds/bg.png"
      failedBitmapUri = "pkg:/images/backgrounds/bg.png" >

      <Rectangle 
        id = "itemMask" 
        width = "200" 
        height = "200" 
        opacity = "0" />

        <Rectangle
          id="itemLabelBackground"
          color="#000000"
          width="200"
          height="45"
          opacity="0.80" 
          visible="true"
          blendingEnabled = "true"
          translation="[0,156]" />

        <Label
          id="itemLabel"
          height="10"
          width="150"
          font="font:SmallestSystemFont"
          horizAlign = "center"
          vertAlign = "center"
          translation="[20,175]" />

    </Poster>

  </children>

</component>